"Company Name","Website","Contact Email","Address"
"Tech Innovations","www.techinnovations.com","info@techinnovations.com","123 Tech Park, San Francisco, CA"
"Health Solutions","www.healthsolutions.org","contact@healthsolutions.org","456 Wellness Ave, New York, NY"
"Green Energy Co","www.greenenergyco.net","support@greenenergyco.net","789 Eco St, Austin, TX"
"Smart Home Ltd","www.smarthomeltd.com","hello@smarthomeltd.com","101 Smart Way, Seattle, WA"
"Cloud Nine Inc","www.cloudnineinc.io","connect@cloudnineinc.io","202 Cloud Blvd, Denver, CO"
"FinTech Pros","www.fintechpros.com","inquiry@fintechpros.com","303 Finance Rd, Miami, FL"
"EduLearn Global","www.edulearnglobal.com","info@edulearnglobal.com","404 Learning Ln, Boston, MA"
"SafeHome Security","www.safehomesecurity.com","support@safehomesecurity.com","505 Secure Dr, Phoenix, AZ"
"TravelEase","www.travelease.com","help@travelease.com","606 Journey Ave, Orlando, FL"
"Digital Horizons","www.digitalhorizons.com","contact@digitalhorizons.com","707 Future Blvd, Portland, OR"